device,layout,ms,gbps
GPU,AoS,0.172086,3119.77
GPU,SoA,0.167718,3201.03
GPU,AoSoA-2,0.193094,2780.36
GPU,AoSoA-4,0.187032,2870.48
GPU,AoSoA-8,0.167385,3207.40
GPU,AoSoA-16,0.173877,3087.65
GPU,AoSoA-32,0.168998,3176.79
GPU,AoSoA-64,0.169951,3158.98
