device,layout,ms,gbps
GPU,AoS,1.311823,3274.04
GPU,SoA,1.325615,3239.98
GPU,AoSoA-2,1.492357,2877.98
GPU,AoSoA-4,1.491845,2878.96
GPU,AoSoA-8,1.331308,3226.13
GPU,AoSoA-16,1.325108,3241.22
GPU,AoSoA-32,1.318868,3256.56
GPU,AoSoA-64,1.320176,3253.33
