device,layout,ms,gbps
GPU,AoS,0.241357,2224.39
GPU,SoA,0.070968,7564.97
GPU,AoSoA-2,0.237105,2264.27
GPU,AoSoA-4,0.236752,2267.65
GPU,AoSoA-8,0.127068,4225.08
GPU,AoSoA-16,0.076135,7051.55
GPU,AoSoA-32,0.066431,8081.66
GPU,AoSoA-64,0.089932,5969.74
